"","metal_or_hardrock","punk","horror","thriller","war","action","countryside_outdoors","active_sport","adrenaline_sports","cars","fear_of_public_speaking","smoking","alcohol","criminal_damage","cheating_in_school","small_big_dogs","prioritising_workload","assertiveness","parents_advice","gender"
"1",1,1,4,2,1,2,5,5,4,1,2,0,2,1,2,1,2,1,4,0
"2",4,4,2,2,1,4,1,1,2,2,4,0,2,1,4,5,2,2,2,0
"3",3,4,3,4,2,1,5,2,5,1,2,3,2,1,3,3,2,3,3,0
"4",1,4,4,4,3,2,1,1,1,1,5,2,2,5,5,1,4,5,2,0
"5",1,2,4,4,3,4,4,1,2,3,3,3,1,1,5,3,1,4,3,0
"6",5,3,5,5,3,4,5,4,3,5,3,0,0,4,4,4,2,4,3,1
"7",1,1,2,1,3,2,4,3,1,4,1,3,1,2,2,3,5,3,4,0
"8",1,2,4,4,3,3,2,5,2,1,4,4,2,1,5,3,1,3,3,1
"9",5,1,1,5,5,1,4,1,1,1,4,3,1,1,5,5,2,1,4,0
"10",2,3,2,1,3,2,4,4,2,1,3,0,2,2,3,1,2,4,3,0
"11",2,1,5,4,2,3,4,1,1,2,2,4,1,1,3,2,2,2,4,0
"12",1,1,3,4,5,4,5,3,1,1,5,3,0,5,5,1,1,4,4,0
"13",4,2,1,5,4,1,5,3,1,3,2,3,1,2,2,4,3,5,4,0
"14",1,1,3,2,1,3,5,3,4,1,3,0,1,2,3,5,3,2,3,0
"15",2,5,1,3,1,4,3,1,1,1,3,4,1,4,1,1,5,1,4,0
"16",1,3,3,3,2,2,5,1,4,1,4,4,2,3,5,2,3,3,3,0
"17",2,3,4,2,2,3,5,3,1,1,3,3,1,5,2,3,2,3,1,0
"18",4,3,2,4,5,5,3,3,1,2,2,3,1,1,4,4,4,3,3,1
"19",5,2,1,4,5,5,4,2,3,4,3,2,2,3,5,4,1,1,2,1
"20",5,4,5,5,4,4,5,5,3,5,2,0,0,4,4,4,2,3,3,1
"21",5,4,5,5,3,5,4,3,5,1,1,3,1,3,5,5,1,5,3,1
"22",1,2,2,3,2,3,4,3,2,2,3,3,1,1,3,3,3,3,3,0
"23",2,3,2,4,3,2,3,4,3,3,3,3,1,1,5,3,1,1,2,0
"24",5,5,4,2,2,4,5,5,3,3,5,3,0,5,5,1,2,5,4,0
"25",1,1,1,2,1,1,2,4,1,1,2,3,1,1,4,1,3,4,4,0
"26",3,2,3,2,5,1,5,5,4,4,3,3,1,1,5,5,4,4,5,0
"27",2,4,2,4,3,5,3,4,2,1,2,0,1,1,2,1,3,2,4,0
"28",1,3,3,3,5,4,3,5,4,5,2,2,1,5,5,5,3,5,3,1
"29",1,3,3,2,4,2,5,4,3,2,3,3,1,2,5,2,5,4,3,0
"30",2,2,2,5,4,5,4,5,4,4,4,2,2,5,5,3,2,4,3,1
"31",1,1,1,1,2,1,5,1,2,3,2,3,1,1,3,3,3,4,3,0
"32",3,4,5,5,3,4,2,2,1,3,2,4,1,3,5,1,1,4,3,0
"33",1,1,3,4,3,3,5,4,5,1,4,3,1,2,4,2,2,5,4,0
"34",3,4,2,3,2,5,5,3,5,5,3,3,1,1,2,3,3,4,2,1
"35",1,1,1,2,4,5,3,3,2,4,1,3,1,1,5,3,2,3,3,0
"36",1,1,3,5,4,5,4,1,1,4,5,0,1,1,4,3,3,2,5,0
"37",5,2,3,2,4,4,5,5,5,2,2,2,1,5,3,5,2,3,3,1
"38",1,2,1,4,3,5,4,4,1,1,2,3,1,1,4,2,1,1,4,0
"39",4,4,5,5,4,3,5,5,3,4,4,0,0,1,3,3,5,3,3,0
"40",1,1,1,5,1,5,3,1,1,1,3,0,1,3,3,1,1,5,1,0
"41",5,1,1,5,5,5,5,5,5,1,2,3,1,1,2,5,1,3,3,1
"42",4,4,4,4,3,5,3,1,3,3,5,0,0,1,1,1,4,2,2,0
"43",1,2,1,1,2,4,3,3,2,2,1,3,2,3,5,1,4,4,3,0
"44",1,1,3,4,1,3,3,2,5,1,3,4,1,3,5,2,4,4,3,0
"45",1,2,5,4,1,2,2,5,1,1,4,0,1,4,1,1,5,4,1,1
"46",3,2,5,5,1,5,5,5,5,5,1,4,1,3,4,3,3,3,4,0
"47",2,2,3,3,3,5,3,2,2,2,4,3,1,1,4,1,4,5,3,0
"48",1,2,2,2,1,2,4,4,2,2,1,4,1,2,5,4,5,5,3,0
"49",3,5,3,4,3,4,2,1,1,3,5,3,1,2,4,3,1,2,3,0
"50",2,4,1,5,4,5,3,4,4,1,4,3,1,5,3,2,2,3,3,0
"51",3,2,2,4,3,5,3,5,1,4,2,0,0,2,4,3,5,5,4,0
"52",4,2,5,5,5,5,5,5,5,3,3,4,1,2,3,5,2,4,3,0
"53",2,2,3,3,5,5,4,5,3,5,5,3,1,1,5,4,3,5,4,0
"54",4,3,5,5,3,5,5,4,1,2,2,4,1,4,3,4,1,3,3,0
"55",3,2,2,4,3,3,4,3,4,2,4,4,2,1,2,3,4,4,2,0
"56",1,4,4,2,2,3,3,1,2,3,3,4,2,2,4,5,3,3,3,0
"57",2,2,4,4,3,4,5,3,2,1,5,4,2,1,5,2,3,3,5,0
"58",1,1,2,4,2,4,4,3,3,2,3,0,1,3,4,4,5,2,4,1
"59",3,5,5,3,3,3,1,1,1,1,5,4,2,1,5,3,4,5,3,1
"60",1,3,1,4,5,4,4,4,3,3,5,3,1,3,4,1,1,2,3,1
"61",1,2,3,4,3,4,3,1,2,4,2,4,1,5,5,1,4,4,4,1
"62",5,4,4,5,5,5,4,5,5,5,4,0,1,5,4,5,4,4,4,1
"63",1,3,2,1,3,2,1,1,4,1,3,2,1,1,2,2,1,4,4,0
"64",3,2,5,5,5,5,3,3,3,2,4,3,1,5,5,4,1,5,3,1
"65",4,3,3,4,5,3,3,5,2,4,3,3,1,1,5,5,3,3,3,1
"66",1,1,3,3,2,3,3,3,2,1,2,0,0,1,1,2,3,5,2,0
"67",5,5,1,2,2,3,4,1,1,3,5,3,2,1,5,2,1,2,2,0
"68",1,1,1,1,1,1,3,1,1,2,3,3,1,2,1,2,4,4,4,0
"69",1,1,1,3,3,1,5,5,5,5,3,2,1,2,1,4,4,3,5,1
"70",1,1,2,3,3,5,3,5,3,5,1,3,0,4,4,3,4,5,3,1
"71",1,2,4,4,5,5,5,5,1,5,5,2,1,1,5,3,5,3,4,1
"72",1,1,1,1,5,5,5,5,4,5,2,3,1,5,2,1,5,4,4,1
"73",4,4,2,3,4,4,5,5,3,5,1,3,2,1,3,5,3,3,3,1
"74",2,1,1,2,1,4,5,5,3,1,3,3,1,1,3,4,2,3,4,0
"75",1,1,3,3,3,3,5,5,5,1,4,0,0,1,1,4,3,4,4,0
"76",2,2,4,4,5,4,4,3,4,4,4,2,1,1,5,2,1,5,4,0
"77",2,3,5,4,4,3,4,5,4,3,4,3,1,1,5,3,1,4,3,0
"78",2,3,4,3,3,5,3,5,4,5,1,3,1,3,2,1,3,4,3,1
"79",5,4,1,2,3,4,5,1,3,1,5,0,1,3,4,4,1,5,3,0
"80",3,1,3,5,1,5,5,1,5,4,3,2,1,2,5,1,3,5,2,0
"81",4,1,3,3,5,3,5,4,3,3,3,3,1,4,1,2,1,3,2,1
"82",3,3,2,4,4,5,5,5,4,4,5,4,1,2,2,3,2,2,4,1
"83",2,4,1,5,5,3,3,5,5,1,2,2,1,2,5,3,4,5,3,0
"84",1,1,5,5,1,5,3,1,1,1,5,2,2,1,5,1,1,3,5,0
"85",3,3,1,4,3,3,3,2,1,1,3,3,1,2,3,1,3,5,4,0
"86",1,3,2,2,2,5,4,1,2,3,3,3,1,1,5,3,1,1,3,0
"87",5,5,4,4,1,3,5,3,4,1,1,0,1,1,5,1,3,4,4,0
"88",1,2,1,3,2,3,5,2,2,1,2,0,1,1,2,5,2,4,4,0
"89",3,3,4,3,3,1,4,4,4,5,1,4,2,4,5,5,1,5,2,1
"90",1,3,5,5,2,5,4,1,2,4,3,3,1,4,5,4,2,4,1,1
"91",1,2,3,3,5,5,4,2,5,5,2,3,2,1,5,2,1,3,2,1
"92",5,4,1,1,5,2,1,4,1,1,5,2,2,2,2,4,1,1,2,1
"93",1,1,2,3,5,5,4,5,3,2,2,3,2,5,5,3,1,5,3,1
"94",2,1,3,3,5,5,5,5,5,1,1,2,2,1,5,3,1,3,1,1
"95",1,3,2,1,1,3,5,2,1,2,4,0,1,1,2,3,4,3,4,0
"96",3,2,2,2,2,3,4,1,3,2,3,3,2,1,3,3,5,3,4,0
"97",5,4,1,4,5,5,3,1,1,3,3,3,1,1,5,4,1,2,3,1
"98",2,5,4,5,4,5,5,5,3,2,3,3,1,3,3,3,5,2,3,0
"99",1,1,1,5,4,4,4,3,2,5,1,3,2,1,4,1,4,4,5,1
"100",4,3,4,4,5,4,3,3,3,4,1,3,2,1,2,4,4,2,4,1
"101",5,1,1,2,4,3,5,5,1,3,2,0,1,4,2,4,3,4,3,1
"102",1,2,2,3,5,4,4,2,3,3,3,2,1,2,5,3,4,4,3,1
"103",4,1,1,1,3,1,4,5,5,4,1,3,1,4,5,5,1,2,5,0
"104",4,3,3,5,2,5,1,1,1,2,2,0,1,1,2,4,2,4,2,0
"105",5,3,1,4,5,5,3,2,2,5,4,3,2,4,4,5,1,5,3,1
"106",1,1,1,2,5,4,5,4,4,1,2,2,2,4,2,3,1,4,3,1
"107",2,2,1,2,2,4,5,3,3,1,5,3,1,5,5,3,1,2,3,0
"108",2,2,1,3,1,2,4,2,1,1,3,0,1,3,3,1,4,3,3,0
"109",1,3,1,4,2,4,4,1,4,2,5,2,2,1,3,1,3,3,4,0
"110",1,2,1,2,3,2,3,1,1,1,4,2,1,1,2,2,1,1,4,0
"111",2,1,1,2,2,4,4,1,1,5,4,0,0,1,3,3,1,4,4,0
"112",2,4,3,2,3,2,5,1,3,2,3,0,1,1,2,3,3,3,3,1
"113",2,1,2,3,2,2,4,1,2,1,3,3,1,5,4,4,4,2,4,0
"114",5,2,1,3,5,5,5,4,4,2,2,0,2,1,1,3,2,5,2,1
"115",2,2,4,4,4,4,4,2,5,5,3,4,1,1,5,4,4,3,2,1
"116",2,4,4,4,2,5,4,2,1,4,2,3,1,3,5,4,4,4,3,0
"117",3,1,1,4,1,4,4,4,2,2,4,3,0,2,4,3,2,2,3,0
"118",3,3,5,5,5,4,5,5,5,4,1,4,1,1,2,5,2,4,3,1
"119",3,3,2,3,3,2,5,3,2,1,3,0,1,3,3,3,3,4,4,0
"120",1,4,1,2,1,4,3,1,1,3,3,3,1,1,3,1,5,3,3,0
"121",3,3,2,4,4,4,4,1,4,4,2,3,1,1,5,5,2,3,2,0
"122",5,1,1,4,5,1,5,3,5,1,5,0,0,1,1,1,1,1,3,0
"123",2,2,1,1,2,2,3,1,1,1,3,0,1,1,3,3,3,3,3,0
"124",1,2,3,5,3,5,5,1,5,4,2,2,1,1,5,1,1,5,2,1
"125",1,5,4,4,4,3,3,1,3,1,4,3,0,5,5,4,4,3,2,0
"126",1,1,1,1,4,4,5,4,1,1,2,3,1,1,2,5,5,3,4,0
"127",1,1,5,3,3,4,3,3,4,3,5,2,1,5,4,5,5,3,1,0
"128",4,4,3,5,5,4,4,4,1,4,1,4,2,1,5,2,1,2,3,1
"129",1,1,4,4,5,4,3,5,3,2,2,0,0,1,4,4,2,3,4,1
"130",1,1,1,2,3,2,5,4,1,1,3,0,0,1,4,3,2,4,5,0
"131",1,2,3,3,1,3,5,4,3,1,2,3,1,4,2,3,2,3,4,0
"132",5,4,3,1,1,1,5,3,1,1,1,4,1,1,2,3,5,5,3,0
"133",1,1,1,2,1,2,5,4,1,2,3,0,1,1,3,1,3,3,2,1
"134",2,3,4,2,1,2,3,2,1,4,4,2,1,1,5,5,2,2,3,0
"135",1,3,5,2,5,4,5,4,3,1,5,0,1,5,1,3,5,2,1,1
"136",1,1,2,4,2,1,2,1,3,1,3,4,1,1,3,2,2,3,3,0
"137",3,4,3,5,4,5,5,5,2,4,2,3,0,5,3,3,3,3,2,1
"138",4,3,2,3,3,4,5,1,2,2,4,0,1,3,2,2,4,2,4,1
"139",2,3,4,4,3,4,4,4,2,1,3,0,1,4,3,2,3,3,4,1
"140",5,3,2,4,2,4,4,4,3,3,3,3,0,2,1,3,2,4,3,0
"141",4,4,4,4,2,4,2,5,2,2,4,3,0,1,5,4,1,2,3,1
"142",2,1,5,3,5,4,1,5,4,1,1,3,2,5,5,2,1,5,4,1
"143",1,2,2,4,3,4,3,3,2,4,3,3,1,4,5,1,2,2,4,0
"144",4,4,4,4,5,4,3,1,1,2,3,2,2,2,5,4,4,5,3,1
"145",2,3,5,4,2,2,3,3,4,2,3,3,1,5,2,5,5,4,5,0
"146",2,5,4,4,3,4,3,2,1,1,2,0,2,1,2,1,3,3,3,1
"147",4,4,5,5,5,4,5,1,4,2,2,2,1,2,5,1,2,3,4,1
"148",1,3,4,4,1,4,5,5,2,1,4,3,0,4,5,3,4,3,3,0
"149",3,3,2,4,4,4,5,4,5,3,2,3,1,3,4,3,3,3,3,1
"150",4,5,5,4,5,3,2,5,4,4,2,3,1,1,4,3,1,3,2,1
"151",3,3,2,5,2,5,3,2,3,1,3,4,1,4,5,5,2,2,3,0
"152",1,1,2,2,5,2,3,5,2,4,2,3,1,2,4,2,2,4,2,1
"153",2,1,5,5,3,3,1,1,1,1,4,4,1,5,5,4,3,3,4,1
"154",1,3,2,5,1,2,1,3,1,1,4,4,1,4,4,3,2,4,4,1
"155",1,1,1,1,5,3,5,2,4,2,4,3,1,1,2,5,5,4,5,0
"156",5,2,4,4,2,4,4,5,3,1,1,2,2,5,2,5,5,4,4,0
"157",3,4,1,2,1,2,2,2,2,2,4,4,2,5,3,2,2,3,2,1
"158",1,3,5,5,3,4,1,4,5,2,1,3,1,1,5,3,1,5,3,0
"159",4,3,3,2,4,3,3,1,3,1,3,4,1,5,5,2,3,4,3,0
"160",1,1,5,5,4,4,1,4,4,1,1,3,1,1,5,3,1,5,3,1
"161",5,5,3,3,4,3,4,2,2,2,5,3,1,5,5,3,5,1,4,1
"162",1,1,4,3,3,4,4,3,2,5,4,0,1,1,4,4,2,4,4,1
"163",5,2,2,4,1,2,4,4,3,5,3,0,0,1,5,5,1,5,3,0
"164",5,3,3,2,3,4,5,5,3,5,1,2,1,4,5,4,3,5,4,1
"165",5,3,3,4,3,4,5,4,1,1,3,3,0,1,2,1,4,3,3,1
"166",4,3,3,3,2,3,3,1,1,1,3,3,1,1,3,3,2,2,3,0
"167",2,1,4,4,5,4,5,3,4,1,2,3,0,4,2,3,2,5,3,1
"168",4,5,5,5,1,3,1,1,5,5,1,4,1,5,4,3,1,5,2,1
"169",3,3,2,3,3,3,3,3,2,5,2,0,1,2,3,5,2,3,4,1
"170",4,3,1,4,1,4,4,4,3,2,3,3,1,2,3,3,2,5,4,0
"171",1,2,3,3,1,1,1,2,1,1,3,2,2,1,2,3,1,1,3,0
"172",1,1,1,2,3,3,5,3,4,2,2,0,0,1,2,1,3,3,3,0
"173",1,1,1,2,2,2,4,4,2,1,3,3,1,4,4,3,4,2,3,0
"174",2,2,2,4,2,3,2,1,3,1,3,0,1,5,2,5,3,5,3,0
"175",1,1,2,2,5,3,5,3,3,3,4,0,1,2,5,3,1,5,4,0
"176",5,4,5,5,5,4,4,3,3,1,5,0,1,4,5,4,2,2,3,0
"177",5,3,3,5,3,2,2,5,4,2,3,0,1,2,4,4,3,2,4,0
"178",1,1,1,2,1,1,3,2,1,1,1,2,1,3,5,3,1,5,5,0
"179",1,3,3,3,2,2,3,4,2,1,3,4,1,5,5,3,2,5,3,0
"180",5,4,3,4,3,4,4,4,1,1,3,3,0,1,2,2,3,3,3,1
"181",2,4,3,5,4,3,3,2,4,3,1,4,2,1,5,4,3,4,4,1
"182",1,1,5,5,3,4,3,4,3,4,3,4,0,3,5,2,2,3,3,1
"183",3,3,1,2,3,3,5,5,4,3,3,3,1,3,5,3,4,4,3,0
"184",1,1,4,4,3,1,5,1,1,3,4,3,1,4,5,3,2,3,4,0
"185",3,5,5,3,5,3,4,4,3,4,4,4,2,5,5,5,1,5,2,1
"186",1,1,1,4,3,4,4,5,5,4,3,2,1,2,5,3,2,3,2,1
"187",4,3,4,4,5,3,1,2,2,3,4,3,1,5,2,1,2,1,2,1
"188",1,1,5,3,5,5,2,4,3,4,1,0,0,5,5,4,3,4,2,1
"189",3,3,3,3,3,4,3,3,4,4,5,4,1,3,5,3,3,2,3,0
"190",4,4,1,2,1,3,3,1,1,1,4,0,2,1,3,2,2,3,3,0
"191",3,1,1,1,3,1,4,4,1,1,4,0,1,1,3,2,2,2,4,0
"192",4,3,5,4,4,5,4,3,3,4,1,3,2,5,2,3,5,5,2,1
"193",1,4,5,5,5,4,4,5,2,4,3,3,1,3,2,1,5,2,4,0
"194",1,5,3,4,5,3,4,5,5,3,2,4,1,1,5,3,1,2,3,0
"195",4,3,1,4,5,4,4,5,4,3,5,0,1,1,2,2,3,4,2,1
"196",4,3,5,5,5,5,5,5,4,4,5,3,1,4,3,4,3,4,5,1
"197",1,1,2,5,3,5,3,5,3,3,1,3,1,5,3,2,3,5,4,0
"198",2,3,5,5,5,5,5,1,2,3,3,3,2,1,1,2,3,5,3,1
"199",2,5,1,3,3,5,5,3,4,5,3,0,1,1,1,2,4,5,4,0
"200",4,3,1,3,2,4,2,3,2,4,3,3,1,2,4,3,4,3,3,0
"201",5,3,4,2,4,2,3,3,3,1,1,4,2,4,2,3,3,2,3,0
"202",1,2,1,3,2,4,4,2,4,1,1,0,1,1,1,3,5,3,1,0
"203",1,1,3,2,5,5,4,4,4,4,2,3,1,5,5,5,3,2,4,1
"204",1,1,5,5,5,5,2,5,5,5,1,4,1,1,5,3,3,3,5,1
"205",1,2,3,3,3,4,4,5,3,4,3,3,2,5,5,3,2,3,4,1
"206",5,4,4,5,3,2,5,5,4,4,3,4,2,3,5,4,4,5,2,1
"207",3,3,1,3,3,3,4,2,1,1,5,0,1,5,4,1,1,3,4,0
"208",2,1,1,2,2,4,4,5,5,2,2,3,1,5,5,3,2,5,2,0
"209",3,4,4,3,5,5,1,1,1,2,3,3,1,5,5,2,1,4,2,1
"210",2,4,3,3,5,5,4,2,4,5,2,3,1,1,5,2,3,3,3,1
"211",3,3,2,4,4,4,4,2,1,4,3,2,1,1,2,3,1,5,2,0
"212",1,2,1,2,5,3,5,2,2,1,3,3,1,1,3,3,3,3,4,0
"213",1,4,1,3,2,5,5,3,5,2,2,3,1,3,5,3,1,4,4,1
"214",1,3,1,3,4,4,4,4,3,2,2,3,2,4,5,4,3,4,4,0
"215",3,3,4,4,1,3,5,2,2,3,2,3,1,4,1,2,4,5,4,0
"216",2,2,4,5,5,5,5,2,1,1,5,0,1,3,5,1,1,1,3,0
"217",4,4,5,5,3,3,4,5,3,2,3,4,1,4,5,2,2,3,3,0
"218",4,4,1,1,2,3,2,2,3,3,4,0,1,2,2,4,3,4,4,0
"219",4,2,1,2,4,3,2,1,1,2,2,3,0,1,5,4,2,3,3,0
"220",3,3,2,3,5,5,2,4,1,2,1,3,2,1,3,3,5,3,4,0
"221",1,1,3,2,3,3,4,2,5,4,5,2,1,5,5,3,4,4,2,0
"222",1,1,5,4,4,3,3,2,1,2,2,2,2,3,4,2,3,2,2,0
"223",1,3,1,3,3,4,3,4,3,2,4,2,1,5,3,3,3,4,3,0
"224",2,1,3,3,4,4,3,5,5,5,2,2,0,3,5,3,1,3,2,1
"225",1,2,3,3,5,4,2,3,3,4,4,3,1,4,4,5,2,5,5,0
"226",1,1,1,5,2,3,3,2,1,1,1,0,0,3,2,1,5,4,4,0
"227",1,4,2,4,4,2,2,1,1,1,4,0,1,5,2,3,4,2,4,0
"228",2,3,5,5,1,4,2,3,1,1,4,3,1,2,5,1,3,3,3,0
"229",3,4,5,4,1,5,5,5,5,1,2,3,1,2,5,5,3,5,3,0
"230",2,2,4,4,5,5,1,5,3,3,1,3,0,1,3,2,5,3,3,1
"231",2,3,1,1,3,2,5,5,4,1,3,2,2,1,5,5,1,4,3,0
"232",4,3,4,4,3,5,2,2,4,1,4,3,1,2,3,3,2,4,4,0
"233",4,4,4,4,3,5,5,3,5,1,5,0,1,1,3,3,1,2,4,0
"234",2,2,3,5,2,3,4,3,4,1,2,3,1,1,5,2,1,3,4,0
"235",2,4,5,4,3,2,4,4,1,2,3,3,1,1,5,3,3,5,3,0
"236",1,2,2,2,4,4,4,3,2,2,2,0,1,1,4,2,2,4,3,0
"237",1,1,5,5,1,2,5,2,1,5,2,3,1,1,1,3,3,5,2,0
"238",1,1,1,2,5,4,3,1,1,3,1,4,1,1,4,3,5,2,3,0
"239",4,3,1,3,1,2,5,5,4,1,3,0,1,1,4,3,2,5,4,0
"240",1,1,2,2,2,2,2,5,3,3,3,4,1,1,5,5,3,3,3,0
"241",3,1,3,4,5,5,5,5,4,5,3,3,1,2,5,3,2,4,3,1
"242",5,2,4,5,3,2,5,2,1,1,5,3,1,2,5,5,1,3,2,0
"243",2,2,1,1,4,1,5,2,1,4,1,4,1,1,3,3,5,3,3,1
"244",3,3,3,3,3,3,3,1,3,3,3,3,0,3,3,3,3,3,3,1
"245",1,2,5,4,1,4,5,5,3,2,3,0,1,4,2,2,3,3,3,0
"246",2,1,1,2,3,3,5,1,1,1,4,2,1,5,4,2,4,5,4,0
"247",2,2,4,2,2,3,2,4,2,3,1,4,2,5,5,1,1,5,3,0
"248",3,3,5,5,5,5,3,5,4,3,5,2,1,3,3,3,3,4,3,0
"249",1,1,3,3,2,3,1,1,1,1,3,3,1,1,5,2,1,3,3,0
"250",1,1,2,3,3,2,4,4,4,3,3,3,1,3,5,2,2,4,4,0
"251",4,4,2,3,2,4,5,3,4,1,1,0,0,1,1,3,4,3,2,0
"252",1,1,1,1,2,3,4,2,3,1,3,0,0,1,2,3,5,4,3,0
"253",3,4,4,4,4,3,4,1,3,1,3,3,1,4,2,2,2,2,2,0
"254",4,5,3,3,2,5,2,1,1,1,4,4,1,5,5,2,2,4,3,0
"255",5,5,4,3,5,5,4,5,5,5,4,0,1,5,5,4,3,3,3,1
"256",5,5,3,2,4,2,5,2,1,1,4,2,1,4,5,2,2,3,3,0
"257",2,4,3,5,5,3,4,4,5,2,2,2,2,1,3,3,2,5,4,0
"258",1,1,3,3,2,2,5,4,3,4,2,4,1,3,4,4,2,3,2,0
"259",4,3,4,3,3,4,2,2,1,3,2,2,2,5,5,4,1,4,2,0
"260",4,3,4,4,4,5,4,2,5,1,2,3,0,1,5,1,1,5,3,0
"261",3,1,5,4,5,4,1,5,2,3,1,3,1,2,2,3,4,4,3,1
"262",2,3,4,4,3,5,5,5,5,4,3,3,1,5,4,4,1,3,4,1
"263",1,3,3,3,2,1,2,1,1,1,1,4,1,5,3,3,2,5,3,0
"264",5,3,1,1,1,4,4,5,3,2,1,4,1,5,5,3,1,5,3,0
"265",4,5,1,4,3,5,4,1,1,4,3,2,2,4,3,2,4,2,3,1
"266",1,1,3,4,1,2,4,1,1,4,5,3,0,2,3,3,4,3,3,0
"267",2,4,2,4,4,4,4,5,5,3,2,0,1,2,4,3,3,3,3,1
"268",1,1,4,4,5,5,5,5,5,4,3,0,1,2,5,3,4,3,3,1
"269",1,1,3,4,2,3,2,2,1,1,3,3,1,3,4,3,3,4,3,0
"270",1,3,4,4,4,4,5,5,2,4,3,2,1,1,3,4,3,3,1,0
"271",2,4,3,3,3,2,3,4,2,2,3,2,1,2,3,3,4,4,3,0
"272",2,1,5,5,5,5,5,5,5,4,1,3,0,5,5,3,5,5,3,1
"273",2,2,3,3,4,4,4,4,5,3,2,4,2,2,5,4,1,4,2,1
"274",1,1,2,4,3,2,3,4,4,1,2,3,1,3,5,4,3,4,4,0
"275",4,4,2,4,3,4,3,5,4,3,4,3,1,4,5,3,4,5,3,1
"276",1,3,2,4,2,5,2,2,3,1,1,0,1,1,2,3,4,4,4,0
"277",4,5,1,1,4,1,4,2,2,1,5,3,0,4,4,3,1,4,1,0
"278",1,4,3,3,3,2,3,4,2,2,4,2,0,1,4,3,2,3,2,0
"279",3,2,3,5,5,2,5,5,4,2,4,3,2,2,5,2,3,3,4,0
"280",2,2,5,5,4,5,1,5,5,5,1,2,2,5,5,5,2,5,3,1
"281",2,3,2,2,2,3,3,1,2,2,3,2,1,1,3,3,1,3,3,1
"282",1,1,2,2,5,3,5,5,3,1,5,3,2,2,3,3,4,2,3,0
"283",1,3,5,5,3,5,3,2,1,3,5,3,1,1,5,5,3,4,4,0
"284",5,1,1,3,5,5,4,1,1,2,3,0,1,1,5,4,2,3,4,1
"285",2,2,3,4,1,1,4,3,2,3,4,3,1,3,5,1,1,5,4,0
"286",4,2,1,3,3,5,4,4,1,4,1,0,1,5,5,3,3,4,4,0
"287",2,1,1,3,1,4,1,3,1,1,1,4,1,1,4,3,2,5,1,0
"288",2,3,1,1,4,4,5,3,4,1,3,4,1,2,3,4,1,3,3,0
"289",2,4,3,1,1,1,3,5,5,5,4,0,1,2,3,1,3,4,4,0
"290",4,3,1,1,1,1,5,4,1,1,4,0,0,1,2,1,3,4,4,0
"291",1,1,5,5,2,3,3,4,4,2,3,0,0,1,5,3,3,3,3,0
"292",2,1,3,4,2,5,2,3,4,5,2,3,1,3,3,2,3,2,4,1
"293",2,2,4,4,3,5,3,4,5,4,2,2,1,5,3,3,3,5,4,0
"294",3,2,4,4,5,3,1,5,2,3,3,3,1,4,5,4,1,4,3,1
"295",1,1,4,4,3,3,4,4,2,2,3,4,1,1,4,4,2,4,4,0
"296",5,5,4,4,5,5,5,5,5,5,2,0,0,3,5,1,3,5,4,1
"297",1,1,1,3,5,4,2,3,1,2,4,3,1,4,3,2,1,2,4,1
"298",1,2,2,3,2,3,4,4,4,2,3,2,1,4,5,3,3,3,3,0
"299",1,2,5,5,5,5,3,5,3,4,3,3,1,5,5,4,2,5,4,1
"300",1,2,1,3,4,4,5,1,3,2,5,2,1,2,3,2,1,1,5,0
"301",4,3,2,4,4,5,5,3,3,4,5,3,1,5,5,3,4,2,4,1
"302",2,2,5,5,3,4,4,4,4,1,2,0,0,3,2,4,3,3,4,0
"303",5,5,1,2,3,2,4,5,3,3,1,3,1,5,3,4,4,3,4,0
"304",1,3,2,4,2,5,3,4,2,1,4,0,1,1,2,1,2,2,3,1
"305",2,3,2,3,2,4,4,1,4,1,5,0,1,3,4,3,2,4,4,0
"306",4,4,1,2,4,4,4,5,5,5,4,3,1,4,3,2,3,4,4,1
"307",2,2,5,4,5,2,4,3,2,1,2,0,1,1,3,1,3,5,4,0
"308",1,1,3,4,3,5,4,2,2,4,3,3,1,4,2,3,5,5,3,0
"309",4,5,4,5,5,3,3,5,3,5,3,3,1,1,5,4,3,5,3,1
"310",1,2,4,5,4,2,4,3,2,3,3,0,2,4,3,1,3,4,3,0
"311",3,3,1,1,2,3,3,4,1,1,5,3,1,2,3,3,1,3,3,0
"312",2,2,2,1,5,2,3,5,5,5,2,2,1,3,4,5,2,3,3,1
"313",1,1,3,1,2,3,5,3,1,2,1,3,1,1,2,1,3,1,4,0
"314",2,2,2,2,2,3,3,5,3,2,2,0,0,2,3,1,3,5,5,0
"315",2,2,4,5,5,1,5,2,3,1,3,0,0,2,2,4,3,4,4,0
"316",2,2,5,4,5,3,4,5,4,5,2,3,1,2,4,5,3,4,2,1
"317",1,2,5,4,1,3,4,1,1,2,3,0,0,3,5,2,3,3,4,1
"318",1,1,2,2,5,4,5,5,5,5,2,3,2,5,5,5,3,5,1,1
"319",2,2,4,3,1,3,5,2,4,1,5,0,1,4,5,2,2,5,3,0
"320",5,5,1,2,3,2,4,5,2,3,1,3,1,4,3,4,4,3,4,0
"321",1,2,2,2,5,2,3,1,2,1,1,3,1,3,5,1,2,5,3,0
"322",2,2,5,5,5,5,3,5,5,4,2,2,1,5,5,3,1,1,2,1
"323",1,2,1,2,2,3,2,3,4,1,3,3,1,2,5,3,2,5,4,0
"324",2,2,2,5,2,1,5,4,1,1,4,3,1,1,2,5,3,3,4,0
"325",1,1,1,2,1,1,4,2,1,1,3,3,1,2,2,2,5,4,4,0
"326",3,4,1,3,4,5,4,2,3,3,3,3,1,1,3,4,2,5,3,0
"327",1,1,3,4,3,5,3,3,3,4,1,4,2,5,5,5,3,4,3,1
"328",4,4,1,3,3,5,3,5,5,2,5,3,2,5,5,1,1,5,3,1
"329",1,1,1,1,1,4,5,5,4,1,1,0,0,3,2,2,3,3,3,1
"330",1,1,5,5,1,3,5,5,5,3,2,0,1,3,5,5,1,5,4,0
"331",3,3,3,3,3,5,1,3,3,4,3,3,1,2,5,2,1,3,3,1
"332",5,1,2,5,5,4,5,1,5,3,3,3,1,4,4,4,4,4,3,1
"333",1,1,4,4,2,2,2,3,3,3,3,2,1,2,3,3,3,1,4,0
"334",2,3,1,4,4,3,5,4,1,3,2,2,1,1,4,1,4,5,5,0
"335",1,1,2,4,4,4,3,5,2,4,1,2,2,5,4,5,5,1,5,1
"336",3,2,3,2,3,4,3,3,2,3,2,3,1,3,3,4,3,2,3,1
"337",4,3,2,2,4,3,3,5,3,4,2,0,0,4,4,4,3,4,4,1
"338",2,1,2,2,5,3,4,4,1,1,4,4,1,2,2,2,4,3,4,1
"339",1,2,1,2,3,4,3,5,1,3,4,4,1,1,5,3,1,3,3,0
"340",4,2,5,4,1,2,5,5,3,4,1,3,1,3,2,3,4,5,3,0
"341",4,5,2,5,3,4,2,3,5,4,4,0,1,4,5,5,5,5,4,0
"342",3,5,1,4,3,4,2,4,5,3,4,0,1,4,5,4,5,4,4,0
"343",4,3,2,4,4,5,2,5,4,2,3,3,1,2,5,2,4,2,4,1
"344",4,5,1,5,5,4,5,3,5,5,1,0,1,2,3,4,3,4,3,1
"345",2,2,5,5,4,5,1,3,3,3,3,3,1,5,4,3,5,4,5,1
"346",4,4,2,4,5,5,4,5,5,5,3,0,1,5,5,4,1,3,4,1
"347",4,2,5,5,5,5,5,5,5,5,3,3,0,1,4,3,3,4,3,1
"348",3,3,1,4,3,5,5,3,3,2,3,0,1,1,2,3,2,2,3,0
"349",3,3,1,2,2,2,5,5,2,2,1,0,1,1,2,2,3,4,3,0
"350",2,5,3,3,4,4,5,1,2,4,2,3,1,5,5,1,4,3,2,1
"351",1,1,2,4,3,5,4,4,5,5,3,0,2,1,5,3,1,3,3,1
"352",1,1,3,4,4,2,4,4,5,2,5,3,1,5,5,4,4,5,4,0
"353",2,2,1,2,1,3,3,5,1,3,5,3,1,1,2,1,3,4,3,0
"354",1,1,2,3,1,2,3,5,1,1,3,2,1,5,5,1,2,2,4,0
"355",4,3,5,5,3,2,4,3,5,4,4,0,1,4,5,2,2,4,3,0
"356",1,1,5,4,1,2,5,2,5,1,1,3,2,3,5,4,1,4,4,0
"357",2,2,3,4,4,5,4,5,3,3,2,3,1,2,5,3,3,5,4,1
"358",1,1,4,3,1,4,3,3,5,2,3,3,1,1,3,1,3,3,3,0
"359",3,3,1,5,3,4,1,1,2,2,3,3,2,1,5,4,1,5,3,0
"360",1,1,4,2,4,4,4,5,4,5,4,4,1,1,5,2,3,4,4,0
"361",3,4,5,5,1,5,2,4,3,2,3,4,2,2,3,2,4,3,3,1
"362",3,3,3,3,4,5,5,3,5,4,2,4,2,5,5,3,1,3,2,1
"363",3,3,3,3,2,3,2,3,4,2,4,3,2,3,4,4,2,4,3,0
"364",1,1,5,5,1,5,3,3,4,3,3,3,1,3,5,3,3,3,3,0
"365",1,3,3,5,5,5,4,4,3,2,2,2,1,1,4,3,2,4,3,0
"366",1,1,3,3,3,2,4,5,2,2,3,3,1,5,3,3,3,4,5,0
"367",1,2,1,1,2,4,4,3,1,4,2,0,1,4,2,3,3,4,4,1
"368",2,1,2,2,3,4,5,4,2,1,5,0,1,1,2,3,3,3,4,0
"369",1,1,4,5,3,3,3,1,3,3,4,3,1,1,4,1,4,4,3,0
"370",5,3,5,4,5,5,3,5,3,3,1,2,0,4,2,5,2,3,3,1
"371",2,1,2,4,2,4,3,3,1,4,2,0,1,2,2,2,1,2,1,1
"372",5,3,4,4,5,5,4,5,3,5,3,0,1,1,3,3,1,5,2,1
"373",1,1,2,2,1,3,3,1,3,2,2,0,1,4,3,1,2,5,4,0
"374",3,3,1,3,2,4,5,4,4,3,1,4,1,1,3,1,2,4,5,0
"375",3,4,4,5,2,3,5,2,2,1,1,2,1,1,2,3,4,4,2,0
"376",1,1,2,3,4,4,3,1,1,1,2,3,1,4,1,1,3,5,3,1
"377",4,1,2,1,3,1,3,1,1,1,1,3,2,1,4,2,1,2,4,0
"378",4,1,4,4,5,4,5,3,3,5,3,3,1,5,5,1,4,5,4,1
"379",2,2,2,2,2,3,3,3,5,3,4,2,1,1,2,2,4,1,3,1
"380",1,5,1,1,1,2,5,3,5,1,2,3,1,1,3,3,3,3,3,0
"381",1,2,1,1,3,3,5,3,1,2,2,3,1,2,4,2,2,5,4,0
"382",1,1,1,3,1,3,5,1,1,4,4,3,1,1,5,3,3,3,3,0
"383",1,3,3,3,4,3,4,3,4,2,2,4,2,4,3,3,5,3,3,0
"384",1,1,5,4,3,2,5,1,1,1,2,3,1,1,3,2,3,4,4,0
"385",1,3,2,3,2,2,5,5,4,3,1,0,0,1,5,4,3,3,2,0
"386",1,5,5,5,5,5,2,5,5,5,1,4,1,1,5,4,3,5,3,1
"387",1,1,1,3,3,3,4,5,1,5,1,3,1,3,4,3,3,5,4,0
"388",5,1,1,1,1,3,5,2,1,1,1,4,0,5,5,5,5,5,3,0
"389",4,4,3,3,5,5,4,4,5,4,3,0,1,4,4,4,2,3,3,1
"390",2,1,4,3,2,2,2,1,1,1,1,3,1,1,3,1,3,5,3,1
"391",1,2,5,5,3,1,3,1,5,1,2,4,2,5,5,5,1,4,3,0
"392",2,2,3,3,3,1,4,2,3,2,1,3,1,1,4,2,3,2,2,0
"393",4,5,5,5,4,4,4,4,4,2,3,4,2,5,5,5,4,4,3,1
"394",1,1,1,5,1,2,3,3,2,1,3,3,1,1,4,1,3,3,3,0
"395",1,1,1,2,5,4,2,1,1,1,1,2,0,3,3,3,3,3,3,0
"396",3,5,1,3,3,4,3,1,3,1,3,2,1,5,4,1,2,4,4,0
"397",1,1,1,2,5,5,4,2,2,2,1,0,1,5,3,3,2,4,3,0
"398",1,1,5,5,5,5,5,5,5,5,4,4,1,3,4,4,5,5,4,0
"399",3,3,4,5,1,1,5,1,2,3,1,3,0,2,3,1,5,4,3,0
"400",1,1,1,2,5,2,5,1,2,5,5,2,1,3,3,2,2,5,3,0
"401",3,5,4,5,5,5,5,5,3,3,3,2,1,5,3,3,3,2,4,0
"402",4,1,1,4,3,1,3,1,1,1,2,4,1,1,5,4,1,4,2,0
"403",1,2,2,4,2,3,4,1,1,1,2,3,1,1,5,3,2,3,2,1
"404",2,4,1,3,1,3,4,3,2,1,3,3,1,1,4,3,1,5,4,0
"405",4,4,4,5,2,2,4,5,4,2,2,3,2,1,3,1,3,2,3,0
"406",2,2,1,3,3,3,5,5,4,1,2,3,0,1,5,5,2,4,3,0
"407",1,1,4,4,2,5,4,1,4,5,4,3,0,3,3,4,3,4,4,1
"408",4,3,5,4,3,2,4,3,1,1,4,4,2,1,4,3,1,4,2,1
"409",3,4,3,5,2,2,1,1,2,1,3,3,2,2,5,1,4,3,3,0
"410",1,1,1,3,3,5,4,5,4,5,2,3,1,5,5,3,1,5,4,1
"411",5,3,2,2,2,2,3,2,2,1,2,2,1,4,4,1,3,4,4,0
"412",2,2,3,3,3,4,3,4,1,4,2,3,2,3,5,3,2,5,3,1
"413",4,4,1,2,2,2,3,1,1,1,3,4,1,4,2,1,4,3,3,0
"414",1,1,3,5,4,5,3,5,2,4,3,4,1,5,5,2,2,3,4,1
"415",1,1,3,3,3,2,3,3,3,3,5,2,2,3,3,4,1,2,5,0
"416",1,3,1,2,1,3,4,5,2,1,4,3,1,1,3,1,3,3,3,0
"417",1,4,5,4,3,3,3,4,2,2,2,2,2,2,5,5,3,5,3,0
"418",1,2,3,4,4,4,3,1,4,1,2,3,1,2,4,4,2,4,4,0
"419",4,4,3,3,3,2,5,4,5,2,2,3,1,1,3,3,3,3,3,0
"420",1,1,1,2,1,3,4,5,3,1,2,3,1,2,5,2,2,3,4,0
"421",1,1,4,3,3,4,1,3,3,3,4,4,2,2,5,4,2,2,3,1
"422",1,1,2,2,1,1,4,1,1,1,3,0,1,1,1,1,5,1,5,0
"423",1,1,3,4,3,2,4,1,3,3,2,4,2,3,3,1,5,1,3,0
"424",2,2,5,5,1,2,4,1,2,2,3,4,1,2,5,3,1,5,3,0
"425",1,1,4,5,3,5,1,4,1,4,3,3,1,2,5,3,1,5,3,1
"426",1,1,2,4,4,4,4,5,2,2,2,3,1,1,2,3,4,4,4,1
"427",3,3,3,5,1,1,5,5,4,4,4,2,1,1,4,3,2,3,4,0
"428",2,2,5,5,1,2,4,1,2,2,3,4,1,2,5,3,2,5,3,0
"429",3,4,5,5,2,3,4,1,4,1,1,3,1,4,5,1,4,5,4,0
"430",2,5,1,3,1,5,4,5,1,2,5,0,1,1,3,2,3,3,5,0
"431",1,4,3,3,2,5,2,5,4,5,4,3,2,2,4,4,4,5,5,1
"432",2,3,2,4,5,5,4,3,4,5,4,3,1,3,5,1,1,5,3,1
"433",1,1,1,1,1,1,5,1,1,5,1,3,1,5,5,1,1,5,5,0
"434",2,3,1,2,2,1,4,1,5,1,3,3,1,1,4,3,4,1,4,0
"435",2,4,5,5,3,5,1,5,5,4,1,3,2,4,5,4,1,5,3,1
"436",1,1,2,3,3,3,4,3,4,4,2,3,1,2,3,2,3,3,3,1
"437",1,4,2,3,4,2,4,2,2,1,3,3,1,1,1,2,3,1,4,0
"438",1,1,1,1,1,2,5,1,1,1,5,0,1,4,2,1,2,4,3,0
"439",1,4,1,4,3,1,5,1,2,3,1,3,1,2,4,3,1,5,5,0
"440",1,2,2,3,4,4,4,3,2,1,2,0,0,1,2,3,4,3,4,0
"441",1,1,3,3,3,3,3,5,5,5,3,2,2,4,5,2,4,3,3,1
"442",2,1,2,2,1,4,2,2,1,1,5,3,1,1,5,1,2,2,4,0
"443",2,2,4,3,3,4,3,4,2,3,4,4,1,1,2,4,5,3,4,0
"444",1,3,5,5,3,5,5,3,3,3,3,3,2,2,3,2,3,4,2,1
"445",1,1,5,5,1,3,3,1,3,4,4,0,1,2,3,3,2,2,4,0
"446",4,5,2,4,4,5,4,5,5,5,1,3,1,4,4,4,2,5,3,1
"447",1,2,5,4,2,1,3,2,2,2,5,0,1,5,2,4,2,1,3,1
"448",4,3,1,2,1,2,4,1,1,4,4,4,2,1,2,1,5,1,1,1
"449",1,1,3,3,1,4,3,5,5,5,5,3,1,2,2,5,4,4,4,1
"450",4,4,4,3,3,2,4,3,2,1,3,4,2,1,5,3,1,4,3,0
"451",4,3,1,2,1,3,3,3,2,1,3,3,1,1,3,1,3,3,3,0
"452",3,3,4,4,2,4,3,3,4,1,1,3,1,1,5,5,2,4,4,0
"453",2,2,4,4,4,5,3,1,1,4,4,2,0,3,3,2,5,2,2,1
"454",3,4,4,4,2,5,3,2,2,2,2,3,1,2,3,3,3,4,3,0
"455",2,3,2,4,2,4,4,3,3,3,4,3,1,3,3,3,3,3,4,0
"456",4,1,1,4,4,2,4,2,1,2,2,0,1,1,1,3,5,5,4,1
"457",2,4,1,4,2,4,2,3,2,2,4,3,2,4,2,4,2,2,3,1
"458",3,5,1,3,1,2,1,2,4,1,3,2,1,3,1,5,3,4,3,0
"459",1,1,2,5,3,1,3,4,1,1,2,3,1,1,2,3,2,4,2,0
"460",3,2,4,4,4,4,5,5,3,4,2,3,1,2,2,3,3,4,4,1
"461",1,5,3,5,5,1,2,5,5,1,1,4,1,3,5,1,3,5,3,0
"462",1,1,2,2,1,1,2,5,1,1,4,0,0,1,3,3,2,5,4,0
"463",2,3,4,4,2,4,3,5,2,1,3,2,1,5,5,3,2,2,3,0
"464",2,2,1,2,5,4,4,2,3,1,3,2,1,1,2,3,2,1,4,0
"465",1,1,3,5,4,5,3,3,4,5,3,4,2,2,5,5,2,3,3,1
"466",2,2,2,3,3,1,4,3,4,2,1,3,1,1,5,3,3,3,4,0
"467",2,4,1,5,2,4,3,1,4,1,4,3,1,1,5,4,3,4,4,0
"468",1,1,3,4,2,2,5,1,2,2,3,0,1,2,3,1,5,4,3,0
"469",2,3,1,1,3,2,2,4,3,1,3,2,1,5,3,3,3,5,2,0
"470",1,1,1,1,4,3,5,1,1,2,3,3,1,1,5,4,1,3,3,0
"471",2,4,2,4,5,3,3,2,1,3,2,3,2,1,5,1,4,4,3,1
"472",2,1,3,3,5,3,4,1,2,2,3,3,1,3,5,3,3,4,4,0
"473",2,2,4,5,5,1,4,5,4,2,5,3,1,2,5,1,2,2,3,0
"474",3,4,3,5,5,5,2,3,3,5,2,3,2,1,5,3,4,5,4,1
"475",1,1,2,1,3,2,5,1,3,1,4,0,1,2,1,2,3,4,3,0
"476",1,1,5,4,5,2,5,3,5,5,4,2,1,1,5,4,5,3,4,0
"477",3,4,2,4,3,5,2,5,3,3,3,4,2,2,5,3,1,2,3,1
"478",3,3,1,5,3,4,1,5,5,2,2,2,2,1,4,2,2,4,4,1
"479",1,1,2,3,1,2,4,5,5,2,2,3,1,2,3,3,2,3,3,0
"480",1,1,3,2,1,5,4,5,5,1,1,3,0,5,3,4,5,5,5,0
"481",3,2,2,3,4,4,5,5,5,5,1,0,1,2,3,3,3,3,3,1
"482",1,1,3,3,2,4,5,4,5,5,2,3,1,3,4,4,3,2,4,1
"483",1,1,1,2,1,3,5,1,1,3,1,3,0,1,3,1,5,5,4,0
"484",5,5,3,5,3,4,2,5,5,4,3,0,2,3,4,5,3,4,3,1
"485",1,1,3,4,5,4,4,1,1,3,1,0,1,2,3,3,2,3,3,1
"486",5,3,5,4,4,5,5,1,3,3,3,2,2,5,5,5,1,4,2,1
"487",4,3,5,5,5,5,5,5,5,5,3,3,0,3,2,3,5,1,5,1
"488",3,3,4,5,1,3,3,5,4,3,4,2,1,2,5,1,2,5,4,0
"489",1,2,1,2,2,4,4,5,1,1,3,2,1,1,5,1,2,5,4,0
"490",2,1,3,3,5,4,3,5,4,3,4,3,2,5,5,4,1,2,3,1
"491",1,1,2,3,2,3,4,4,3,2,1,2,1,2,5,2,3,3,3,0
"492",2,2,3,5,1,1,4,1,2,2,5,3,2,5,4,1,2,4,3,0
"493",1,2,1,2,3,4,4,4,4,2,2,3,1,5,5,4,3,4,3,0
"494",1,1,4,4,5,4,4,5,3,3,4,4,1,2,5,1,1,3,3,1
"495",1,2,2,5,3,5,2,5,4,5,3,3,1,1,5,4,1,3,3,1
"496",3,2,1,2,3,2,1,1,1,2,3,0,1,1,1,4,3,2,3,1
"497",1,1,1,1,1,5,4,1,4,1,2,2,1,1,5,1,4,4,2,0
"498",4,3,2,1,4,3,5,3,3,3,2,0,1,1,2,3,1,5,1,1
"499",2,1,4,3,2,3,4,3,3,1,1,2,2,2,5,3,2,3,4,0
"500",2,3,3,3,3,3,4,5,5,3,1,2,1,4,3,2,1,3,3,1
"501",1,1,1,4,1,5,4,1,2,1,4,4,1,1,5,2,2,3,3,0
"502",3,4,4,4,5,5,5,4,5,5,1,4,2,2,5,5,2,4,3,1
"503",2,1,5,5,3,5,1,5,5,5,1,4,2,5,5,5,3,3,3,0
"504",1,3,2,4,4,3,5,4,5,4,3,3,2,3,5,3,3,3,3,1
"505",4,4,3,4,3,4,3,1,2,2,2,3,1,1,5,2,4,4,3,0
"506",4,1,2,5,5,3,1,4,4,3,1,4,1,5,3,3,1,5,3,1
"507",1,2,3,5,5,5,5,3,5,5,3,2,1,2,3,3,2,3,3,1
"508",2,2,3,3,2,4,2,1,3,2,2,3,1,4,5,3,2,3,4,0
"509",4,3,1,4,4,3,3,3,4,2,3,2,2,1,1,4,3,4,4,1
"510",3,3,5,5,5,5,3,3,5,5,3,2,1,5,5,5,1,5,5,1
"511",3,3,5,5,5,4,5,5,5,5,1,3,1,1,4,2,5,3,4,1
"512",5,2,3,5,4,4,3,5,5,1,1,4,1,1,5,3,2,2,4,1
"513",1,2,1,1,3,4,3,2,1,2,3,0,1,1,2,3,4,3,4,0
"514",1,1,2,2,3,4,2,1,1,1,1,4,1,2,2,2,4,5,3,0
"515",2,2,1,3,3,4,5,2,3,1,4,3,1,2,4,4,2,3,3,0
"516",1,1,1,2,4,4,5,3,1,1,4,3,0,2,5,4,3,3,4,0
"517",2,1,2,4,5,2,4,4,3,2,1,2,1,3,4,3,1,5,2,0
"518",1,1,2,2,2,4,4,3,5,3,3,0,1,5,5,3,4,3,3,0
"519",2,2,1,2,3,4,5,5,3,5,3,3,1,2,4,1,4,4,3,1
"520",1,2,2,4,2,5,5,2,2,1,5,2,1,2,5,1,1,1,2,0
"521",1,1,3,2,2,2,4,4,2,1,4,3,1,2,5,1,2,3,4,0
"522",2,2,3,4,2,5,4,1,5,1,5,3,1,2,2,1,4,4,4,0
"523",1,1,1,2,2,2,4,3,1,2,2,0,1,1,2,2,3,4,4,0
"524",2,1,4,5,1,2,4,2,1,2,3,4,1,3,5,1,2,4,3,0
"525",4,4,1,2,3,5,5,5,5,5,4,0,1,3,5,5,2,5,4,0
"526",1,3,3,4,5,4,5,5,2,2,3,3,0,4,2,3,3,3,4,1
"527",3,3,4,4,4,4,5,5,5,5,3,3,1,2,5,1,1,4,3,1
"528",1,5,1,5,5,5,1,5,5,4,1,3,1,2,5,3,4,5,4,1
"529",1,2,3,5,3,5,5,5,5,5,4,2,1,4,5,3,2,3,3,0
"530",1,1,1,2,4,5,4,1,1,1,5,0,1,2,3,4,4,2,4,0
"531",1,1,2,3,1,3,5,2,2,2,3,3,1,1,5,3,2,3,4,0
"532",2,2,2,2,3,3,3,5,3,2,2,3,1,1,2,1,3,4,3,0
"533",1,2,4,2,5,5,5,5,4,5,1,2,1,5,5,3,3,4,3,1
"534",3,2,5,2,2,5,4,5,5,5,4,4,0,5,2,4,5,5,5,1
"535",3,1,1,3,1,3,5,5,5,2,3,3,1,2,3,4,1,1,4,0
"536",3,3,1,3,4,4,4,5,5,2,3,0,1,5,5,5,1,3,3,1
"537",1,1,1,3,1,3,3,5,4,4,2,0,1,4,5,5,2,3,3,0
"538",2,3,2,2,3,2,5,5,5,3,2,3,1,2,2,3,4,4,2,0
"539",1,2,3,5,5,5,4,5,5,5,2,3,2,4,5,5,1,4,3,1
"540",1,1,4,4,2,2,1,3,5,2,2,2,1,3,3,2,2,4,2,0
"541",1,1,3,3,2,5,5,1,3,1,4,0,1,1,2,1,3,3,4,0
"542",4,3,3,5,2,5,2,5,1,5,4,0,1,5,4,3,1,5,3,1
"543",1,1,2,3,3,4,2,5,5,3,1,3,1,5,2,4,4,5,3,1
"544",3,4,2,4,1,4,3,4,3,2,4,4,2,2,3,3,3,4,4,0
"545",2,1,4,3,4,4,5,2,3,1,2,0,2,4,5,4,4,4,2,1
"546",1,1,4,5,2,5,3,3,3,3,2,3,1,4,5,2,1,4,4,1
"547",1,1,1,4,3,4,3,1,1,1,4,4,2,5,4,2,2,3,4,0
"548",3,1,1,4,5,5,1,5,1,1,3,3,1,4,5,3,3,3,4,1
"549",4,2,1,5,4,4,4,5,3,1,2,0,0,2,3,4,1,3,3,1
"550",4,5,5,3,5,4,5,5,5,3,2,2,2,4,3,5,1,2,2,0
"551",1,1,3,3,2,3,5,5,3,2,3,3,1,1,5,1,3,3,3,0
"552",5,5,3,4,5,3,5,5,5,3,1,4,1,2,5,3,2,4,4,0
"553",4,3,4,4,4,4,4,4,3,3,2,0,2,5,2,3,2,5,4,1
"554",1,1,1,1,2,4,5,5,4,4,3,4,1,2,3,3,3,5,3,0
"555",1,1,1,4,3,1,4,1,3,5,2,3,0,3,5,2,3,3,4,0
"556",3,2,4,4,3,2,5,2,3,2,2,3,1,1,4,2,3,5,3,0
"557",1,4,2,3,3,2,4,3,4,2,1,4,0,5,1,1,1,4,1,1
"558",4,5,5,3,5,3,5,4,5,2,5,4,2,5,3,4,1,4,2,1
"559",1,1,4,4,3,4,5,2,4,2,4,4,2,5,5,4,4,4,3,1
"560",2,3,4,4,3,5,5,5,5,4,5,3,1,3,3,3,1,5,4,1
"561",2,4,3,4,1,4,5,3,2,3,4,0,0,2,5,4,3,4,3,1
"562",3,3,4,5,5,5,4,4,4,4,3,0,2,5,3,3,2,3,4,1
"563",4,3,1,1,4,2,2,3,2,3,2,4,1,1,5,3,1,2,3,0
"564",1,2,1,2,2,2,5,2,1,1,2,3,1,1,2,3,1,3,3,0
"565",4,2,5,4,4,4,4,5,4,3,1,2,2,2,5,5,1,3,3,1
"566",2,2,2,2,2,3,4,5,3,2,2,2,1,2,4,3,4,3,4,0
"567",1,5,5,5,1,4,3,5,3,4,5,4,1,1,5,1,3,3,3,0
"568",3,4,1,4,1,5,5,5,3,5,4,0,1,5,5,3,4,3,4,1
"569",1,2,3,4,3,4,4,1,1,4,2,0,0,1,3,3,3,2,4,1
"570",3,3,1,5,2,5,1,2,1,2,2,4,2,1,3,1,2,4,5,0
"571",4,2,3,3,3,4,1,3,1,2,4,4,1,4,4,3,2,3,2,1
"572",1,1,4,4,3,3,3,1,3,3,3,3,1,4,5,3,3,3,3,0
"573",3,3,4,4,5,5,2,2,1,3,1,4,1,4,3,4,3,4,4,1
"574",3,1,4,2,3,3,2,3,3,3,4,2,2,4,5,3,2,4,4,0
"575",1,1,1,3,1,4,5,5,3,3,1,4,1,5,3,1,5,4,2,0
"576",3,2,5,5,5,5,1,4,3,5,1,3,2,5,5,3,1,5,1,1
"577",1,1,2,2,4,1,3,5,5,5,1,4,2,3,3,3,5,1,5,0
"578",1,1,5,5,1,5,5,1,5,5,3,4,1,3,3,3,3,5,4,0
"579",2,2,2,4,5,4,2,1,3,4,1,3,1,3,3,3,3,5,3,1
"580",1,3,2,2,4,3,2,3,4,4,4,2,2,4,5,5,2,5,2,1
"581",2,4,1,2,4,5,3,5,4,2,1,2,2,2,5,3,3,5,4,0
"582",2,3,4,3,4,4,5,1,3,3,2,2,2,4,4,3,1,3,3,1
"583",2,1,4,3,1,3,2,5,5,1,4,3,1,1,2,1,1,4,2,0
"584",1,3,2,3,1,4,2,5,2,2,1,3,1,1,5,1,3,4,3,0
"585",2,1,4,4,5,2,4,3,4,4,3,4,0,3,4,3,2,3,3,0
"586",5,5,3,4,4,5,1,5,5,3,4,3,1,2,5,4,1,3,4,1
"587",3,2,3,1,1,1,3,5,3,4,5,0,1,1,4,1,3,4,3,0
"588",3,2,1,4,3,4,5,4,2,2,1,0,0,1,2,1,3,5,3,0
"589",3,2,2,3,4,4,3,5,5,3,4,0,0,1,3,3,3,4,4,1
"590",1,1,1,1,2,5,3,5,3,5,1,0,1,5,5,4,2,4,3,1
"591",2,2,1,2,3,2,4,4,3,1,2,0,1,1,3,3,2,2,4,0
"592",1,1,1,4,1,1,3,3,1,1,4,3,2,1,3,3,2,4,4,0
"593",1,4,4,4,4,5,4,4,4,5,1,4,2,5,5,3,1,4,4,1
"594",2,5,3,4,5,4,5,5,4,2,1,0,1,2,2,3,4,5,3,1
"595",3,5,5,4,2,3,5,4,1,1,3,4,1,5,4,4,2,4,3,0
"596",5,3,3,3,5,5,4,4,2,4,4,0,1,3,3,3,3,3,3,1
"597",4,5,1,3,2,1,3,5,5,2,3,4,1,5,3,1,2,3,5,0
"598",2,2,3,3,5,5,3,2,2,3,3,3,1,4,4,5,2,4,3,1
"599",2,2,1,3,1,4,5,4,1,2,4,3,1,5,4,3,4,4,4,1
"600",1,1,1,2,2,4,5,5,4,2,2,2,1,2,3,4,3,3,4,0
"601",2,2,2,2,5,5,5,4,2,2,2,3,1,1,4,5,4,4,5,0
"602",1,1,1,4,5,5,5,5,3,5,3,3,0,4,5,2,2,4,4,1
"603",1,1,4,4,4,4,2,5,1,2,2,3,1,1,5,3,2,3,3,1
"604",1,1,1,3,4,5,5,1,4,3,3,3,1,3,5,1,1,3,3,0
"605",1,1,3,3,4,3,5,4,3,2,3,0,0,2,4,1,2,4,3,0
"606",1,1,5,5,4,5,4,5,4,4,3,3,1,5,3,5,2,4,2,1
"607",2,2,3,4,4,5,5,3,2,4,2,3,1,2,2,3,4,2,3,1
"608",1,1,1,2,5,5,2,1,1,3,3,3,1,1,2,2,2,4,4,1
"609",5,2,4,4,3,4,5,1,2,2,2,2,1,1,3,1,1,5,4,0
"610",2,1,3,4,4,4,4,4,2,5,2,3,2,2,2,4,2,3,3,1
"611",3,4,1,2,3,2,3,3,2,1,4,3,1,2,5,1,1,4,4,0
"612",1,2,1,2,1,3,5,1,3,1,2,0,0,3,3,1,3,2,3,0
"613",2,1,2,2,1,3,5,5,5,4,1,2,1,1,2,3,2,2,3,1
"614",4,4,1,2,5,3,5,1,1,1,5,2,1,2,3,3,1,5,3,1
"615",1,1,4,4,3,3,3,2,2,3,3,4,2,4,5,1,3,3,3,0
"616",1,1,2,3,4,3,4,1,2,3,5,2,2,4,5,2,3,2,2,0
"617",4,5,4,4,3,4,4,4,4,1,2,0,0,3,3,3,3,3,3,1
"618",1,1,1,2,3,4,5,4,2,3,2,0,0,2,5,2,5,2,4,0
"619",5,5,2,3,4,2,5,3,5,2,4,4,1,5,5,4,3,5,3,0
"620",3,2,5,3,2,2,5,3,5,1,3,2,1,2,5,5,3,1,3,0
"621",1,3,2,2,2,2,5,3,4,2,4,2,1,1,5,3,3,3,3,1
"622",5,1,4,4,3,2,5,3,1,1,2,3,2,4,1,3,3,3,2,1
"623",3,4,4,4,5,4,4,4,3,4,4,3,1,2,4,4,2,4,3,1
"624",3,1,3,4,4,3,4,3,3,3,2,4,1,3,5,4,3,3,3,0
"625",1,1,2,2,3,4,5,4,2,4,3,3,1,1,5,1,5,5,4,0
"626",2,2,5,5,4,1,4,4,1,3,4,2,1,2,5,3,4,3,3,0
"627",2,1,3,3,2,1,3,2,1,1,2,3,1,1,4,4,4,4,3,0
"628",3,3,1,4,5,2,4,5,4,3,3,3,1,1,5,5,3,4,4,1
"629",2,1,2,3,5,3,4,1,2,2,4,0,1,3,4,1,3,4,4,0
"630",2,3,5,5,5,3,3,3,4,4,5,4,1,1,5,3,2,5,3,0
"631",5,4,4,2,1,3,5,4,5,2,5,3,1,1,3,5,4,4,4,0
"632",2,5,5,3,3,1,5,5,2,1,5,3,1,4,5,3,3,5,4,0
"633",2,3,5,4,2,3,5,5,5,4,3,2,1,5,5,3,1,3,3,0
"634",5,4,1,4,3,4,5,5,3,4,4,2,2,4,3,4,3,5,3,0
"635",3,4,2,4,5,5,4,1,3,4,3,3,2,2,3,3,1,3,3,1
"636",4,3,1,1,4,5,5,3,1,3,3,0,0,1,3,3,4,4,4,0
"637",1,2,2,4,1,2,5,4,1,3,4,2,1,1,3,1,4,1,3,0
"638",2,3,1,2,4,4,3,3,3,3,4,4,1,2,4,4,3,3,4,0
"639",4,4,2,3,3,4,4,5,5,5,1,4,1,4,3,3,2,3,5,1
"640",1,5,3,5,3,1,3,3,1,1,3,0,1,1,5,1,5,3,4,0
"641",1,2,3,3,3,5,2,3,2,5,3,3,1,1,2,3,3,5,3,1
"642",1,3,2,4,3,4,4,5,2,5,4,3,1,4,5,2,2,2,3,1
"643",4,2,3,4,3,2,3,4,4,5,4,4,2,2,5,5,1,4,3,0
"644",5,4,2,5,5,5,4,4,2,2,3,0,1,1,2,3,4,3,3,1
"645",2,1,5,5,1,3,3,3,4,3,4,3,0,3,3,1,3,1,3,0
"646",4,2,4,5,5,4,4,5,3,4,1,3,1,2,4,5,3,3,3,1
"647",2,2,1,1,2,5,4,4,3,2,3,3,1,1,5,5,1,3,3,0
"648",1,1,1,3,1,2,5,3,1,1,1,0,1,1,3,3,3,3,3,0
"649",3,5,2,4,5,5,3,1,1,2,5,0,1,2,2,1,2,2,3,0
"650",1,1,1,1,2,4,5,5,4,1,4,4,1,4,5,5,3,5,5,0
"651",1,2,2,1,2,1,3,5,2,2,3,3,1,2,3,3,2,2,3,0
"652",2,1,3,3,4,5,3,1,1,5,1,4,0,3,5,1,1,5,3,0
"653",1,1,1,5,5,5,5,5,5,2,2,0,0,1,4,3,1,4,4,0
"654",5,2,3,5,5,5,3,1,2,5,1,4,1,5,5,3,2,5,3,1
"655",4,4,5,5,5,5,4,5,5,3,2,4,2,5,5,3,2,3,3,1
"656",1,2,1,3,2,3,5,5,5,2,3,3,1,2,4,3,2,4,3,0
"657",3,4,3,3,4,4,5,5,5,4,3,3,1,2,3,4,3,4,4,0
"658",2,1,4,4,5,4,4,5,4,4,5,4,2,4,5,4,3,4,3,1
"659",5,2,3,4,5,3,5,5,4,2,4,3,1,5,2,5,4,4,4,0
"660",5,3,3,4,2,3,4,3,5,5,4,4,2,4,5,5,2,3,3,0
"661",1,2,5,5,4,5,1,2,5,1,1,2,2,2,5,4,1,4,4,0
"662",2,3,1,2,1,3,4,2,2,2,3,3,1,2,2,2,4,2,3,0
"663",1,1,4,4,1,5,4,3,1,1,3,0,0,1,2,4,4,3,4,0
"664",1,5,3,3,4,2,4,3,2,2,1,2,1,1,5,4,4,5,3,0
"665",1,1,2,3,3,2,5,5,4,3,5,3,1,1,3,4,5,1,4,0
"666",5,4,2,4,5,4,2,5,1,3,2,0,0,2,3,4,4,4,3,1
"667",2,1,4,4,5,4,5,3,2,3,3,2,2,1,2,4,4,4,4,1
"668",2,1,3,3,1,3,5,1,1,2,3,3,1,1,3,3,5,2,3,0
"669",4,5,3,3,3,5,5,5,3,3,2,0,1,3,4,4,2,3,3,0
"670",3,2,3,5,5,4,1,5,2,1,3,2,1,1,2,3,2,3,3,1
"671",4,2,1,5,2,4,5,5,5,2,5,2,1,2,5,3,4,5,4,0
"672",1,1,1,1,1,4,5,1,4,2,1,0,1,1,3,3,3,5,5,0
"673",2,2,1,4,5,1,5,4,2,2,3,2,2,1,5,3,1,4,4,0
"674",1,1,1,4,3,2,4,1,1,2,3,3,1,3,2,1,3,4,4,0
"675",2,2,3,4,2,3,3,2,1,1,2,3,1,2,3,4,3,3,3,0
"676",1,1,1,2,4,3,4,3,5,3,4,4,2,4,5,4,1,5,3,1
"677",1,1,5,4,4,5,2,1,2,5,1,4,2,5,5,3,4,5,3,1
"678",3,3,3,3,3,5,1,5,2,5,3,3,0,3,3,3,5,3,3,1
"679",1,1,5,3,5,5,5,5,5,3,1,0,1,5,5,5,1,3,3,0
"680",4,3,3,3,4,4,4,5,5,3,4,2,1,1,5,3,3,4,4,1
"681",5,5,4,5,5,3,5,1,5,3,1,2,0,2,2,3,3,5,2,0
"682",1,2,4,4,4,2,1,4,2,2,3,3,1,2,2,1,2,3,4,0
"683",2,2,2,2,2,5,5,5,4,1,2,3,1,1,2,4,4,3,3,0
"684",2,1,1,1,3,2,5,5,2,1,2,0,1,2,3,5,3,5,3,0
"685",2,1,1,3,2,3,4,4,1,1,2,0,1,1,2,2,4,3,5,0
"686",1,1,1,1,2,2,4,1,1,1,3,0,0,1,2,2,4,5,5,0
"687",4,3,3,3,4,3,4,3,3,3,2,3,1,2,4,2,2,4,3,0
"688",2,1,2,4,3,3,5,4,3,1,3,2,2,1,3,5,3,3,3,0
"689",4,2,5,5,5,5,3,5,5,5,3,4,2,4,5,5,3,4,3,1
"690",5,3,5,4,5,5,4,5,5,4,1,3,2,1,5,3,2,5,3,1
"691",2,1,3,5,5,5,4,5,5,5,3,3,1,2,3,4,2,3,4,1
"692",1,1,1,1,1,3,5,1,3,1,1,0,1,1,3,3,3,5,5,0
"693",2,1,2,3,5,5,5,5,4,2,2,2,2,3,5,5,2,4,1,1
"694",4,4,1,1,2,2,2,4,4,2,2,3,2,3,4,5,1,4,4,1
"695",4,5,4,5,5,5,5,1,5,4,4,3,1,1,5,3,3,2,2,1
"696",2,2,1,2,3,4,3,2,3,5,2,3,1,3,3,3,2,3,3,1
"697",2,3,5,5,2,4,4,4,2,1,3,0,2,5,5,1,3,4,4,0
"698",4,3,1,4,2,4,5,4,4,2,5,2,1,2,5,3,2,5,4,0
"699",4,5,4,3,3,3,4,4,3,2,1,0,0,2,3,3,1,5,3,0
"700",3,3,1,1,5,4,5,3,2,1,3,3,1,2,3,3,3,3,3,1
"701",1,1,3,4,4,3,2,5,5,5,1,0,1,2,3,5,3,3,3,0
"702",3,4,2,2,1,5,5,2,1,1,4,3,1,1,4,1,2,4,4,0
"703",1,3,1,2,4,2,1,3,2,1,4,3,1,2,2,1,5,4,4,0
"704",2,2,2,2,4,2,5,1,2,1,3,3,1,2,5,4,2,3,3,0
"705",2,3,3,4,3,5,3,4,4,4,1,2,2,1,5,5,2,3,1,1
"706",5,5,5,5,4,5,5,2,3,3,1,2,2,3,5,2,3,4,4,1
"707",1,2,1,3,5,2,1,5,5,1,4,2,2,2,5,3,3,5,3,0
"708",1,1,5,5,5,5,4,5,4,5,3,0,1,5,4,3,5,3,3,1
"709",3,3,1,3,3,5,5,4,5,4,2,3,1,3,3,3,3,3,4,1
"710",4,4,3,4,3,3,5,4,3,1,3,4,1,2,3,3,4,5,3,0
"711",1,2,4,3,2,5,1,5,5,5,1,2,2,4,5,5,2,5,2,1
"712",1,3,5,5,3,5,4,5,5,5,1,3,1,1,3,4,5,5,4,1
"713",1,2,1,2,3,3,2,2,1,1,4,0,1,2,2,2,4,2,4,0
"714",5,5,3,3,2,5,3,5,5,5,3,0,1,1,4,4,3,4,3,1
"715",5,4,2,3,4,4,3,4,2,5,2,4,2,4,5,2,3,3,5,0
"716",2,2,5,5,3,5,2,1,3,3,4,4,1,2,3,3,3,3,2,1
"717",3,3,5,5,5,5,4,4,4,4,2,0,0,3,3,3,3,3,3,0
"718",1,1,4,3,1,3,5,2,1,2,2,2,1,4,2,3,3,3,2,0
"719",5,4,1,4,5,5,2,1,3,5,4,3,2,4,2,3,1,2,3,1
"720",1,1,3,3,3,3,4,3,3,3,4,4,1,2,4,4,2,4,3,0
"721",5,3,5,5,5,5,4,4,5,3,4,4,2,5,5,5,2,3,3,0
"722",1,1,1,1,3,4,5,5,3,2,2,3,1,1,3,3,3,4,4,0
"723",1,2,2,3,1,3,5,4,5,3,2,3,1,1,5,1,3,3,5,0
"724",1,1,1,3,5,5,5,5,5,5,2,3,1,3,5,5,5,3,5,1
"725",1,1,3,3,3,4,4,5,5,5,2,2,1,2,5,3,2,3,3,1
"726",1,1,3,3,1,2,4,5,3,3,5,3,1,3,5,3,2,3,3,0
"727",2,2,1,1,3,3,5,5,2,2,1,0,1,1,5,1,4,3,3,0
"728",1,2,3,4,3,4,2,3,3,4,3,3,1,1,2,4,3,5,3,1
"729",1,1,4,2,1,2,4,5,4,1,4,0,1,1,2,1,1,3,3,0
"730",5,5,5,4,3,4,3,3,3,3,3,0,1,2,5,1,1,4,4,0
"731",4,1,5,5,5,5,4,1,3,4,3,3,2,2,5,5,3,3,3,1
"732",1,1,1,4,2,4,5,2,1,5,2,0,1,1,2,3,3,3,4,1
"733",3,3,3,4,3,5,3,5,4,4,1,3,1,4,5,5,3,3,2,1
"734",4,1,2,4,5,5,5,2,4,5,1,3,1,1,2,4,2,3,4,1
"735",2,1,3,3,5,4,4,5,5,4,1,4,2,5,5,3,1,4,4,1
"736",1,2,4,4,1,3,2,1,3,3,3,3,2,3,5,5,4,4,4,1
"737",1,1,2,2,1,3,2,3,1,1,2,3,1,2,4,3,1,4,3,0
"738",3,2,2,4,3,5,3,5,5,5,4,2,1,2,4,3,3,3,4,1
"739",4,2,5,5,3,4,4,2,3,3,3,2,0,4,4,4,3,4,5,1
"740",1,1,5,5,5,5,4,5,4,5,3,3,1,5,4,5,4,3,3,1
"741",1,5,2,4,4,2,5,4,5,5,5,4,2,3,2,4,3,3,4,0
"742",4,3,3,4,3,3,5,4,5,4,4,3,1,4,3,5,3,3,4,1
"743",1,1,3,4,3,5,5,5,5,5,2,2,1,1,5,2,1,4,3,1
"744",3,3,4,5,5,5,2,3,1,4,3,4,1,5,5,5,3,3,3,0
"745",5,4,1,1,4,3,4,2,3,3,4,0,1,2,3,2,3,3,3,1
"746",1,4,4,4,5,5,5,5,3,1,1,0,0,1,3,2,5,4,3,1
"747",3,2,4,4,5,5,5,5,5,5,3,4,2,1,5,5,1,5,1,0
"748",4,3,3,3,2,4,4,5,3,2,3,2,2,3,4,4,4,4,3,0
"749",4,5,3,4,2,2,4,5,5,3,1,4,1,5,5,3,1,3,4,0
"750",3,4,5,4,2,5,4,4,5,4,4,3,1,4,3,5,5,4,4,0
"751",5,5,2,2,2,2,4,4,3,1,4,2,1,1,2,1,5,4,4,0
"752",2,2,1,2,4,5,5,2,3,5,3,4,0,1,4,3,1,4,2,1
"753",3,4,5,5,2,5,4,5,5,3,3,3,2,4,5,4,1,2,3,1
"754",2,1,3,1,5,5,4,1,5,5,2,0,2,4,5,3,3,4,2,1
"755",5,3,3,5,4,5,5,3,4,2,1,4,1,5,3,2,3,3,3,1
"756",4,4,3,4,3,2,4,4,3,2,3,3,1,2,2,3,3,2,4,1
"757",1,1,2,1,4,4,5,5,2,5,4,0,0,3,5,1,3,3,2,0
"758",3,1,2,1,5,5,5,5,2,5,4,0,0,3,5,1,3,3,2,1
"759",2,3,4,2,2,4,5,3,4,5,4,4,1,2,5,1,3,4,1,0
"760",5,3,1,5,4,5,5,5,5,5,1,3,1,4,3,5,1,5,3,1
"761",5,5,5,1,5,1,5,3,5,4,1,4,2,2,1,3,3,1,4,1
"762",2,2,3,2,3,3,3,5,4,1,1,2,2,2,2,5,3,3,5,1
"763",4,3,5,5,4,5,5,5,5,3,5,0,1,5,4,4,1,2,3,1
"764",1,2,1,1,2,2,4,1,2,5,1,0,1,1,5,2,2,4,3,0
"765",2,2,1,2,3,2,4,3,1,2,3,3,1,1,5,2,1,2,4,0
"766",5,5,3,5,3,5,5,1,1,3,4,0,0,5,3,3,3,4,3,1
"767",1,3,2,2,3,3,1,1,2,1,4,4,2,1,5,3,1,3,1,0
"768",1,1,5,4,2,5,2,3,5,2,2,4,0,5,5,3,3,5,2,1
"769",3,2,1,3,1,3,2,1,1,1,2,4,1,1,5,3,5,4,3,0
"770",4,2,4,3,4,2,5,1,1,1,3,3,2,4,5,3,3,4,3,0
"771",3,3,2,2,3,2,4,2,3,1,2,3,2,5,5,1,3,2,3,0
"772",3,3,1,2,2,1,4,1,1,1,2,3,2,1,5,3,2,4,4,0
"773",3,4,4,5,4,5,3,4,2,3,4,3,1,4,4,4,4,2,3,1
"774",5,4,3,4,3,5,3,4,1,1,1,3,1,4,3,3,3,4,5,0
"775",1,1,3,2,2,2,5,5,5,1,4,2,2,5,5,4,3,4,4,0
"776",3,4,5,5,4,4,4,1,4,5,2,3,1,1,5,1,3,3,4,0
"777",3,4,1,1,1,3,4,1,1,1,1,3,1,1,5,3,3,4,3,0
"778",1,1,2,2,2,3,4,3,1,1,1,4,1,1,4,3,1,4,3,1
"779",4,2,3,4,4,4,3,5,2,4,4,3,1,1,5,3,2,4,4,1
"780",1,1,1,3,4,5,5,5,1,3,1,0,1,4,3,5,3,3,3,1
"781",5,5,2,2,4,3,4,5,4,5,3,3,1,4,5,5,2,4,2,1
"782",5,4,1,3,5,4,5,5,3,1,2,3,1,2,5,3,2,4,4,1
"783",1,1,5,4,1,4,4,4,3,2,3,2,1,2,4,3,1,4,1,0
"784",1,2,4,3,2,2,3,4,2,3,2,4,2,2,4,2,1,4,3,0
"785",1,1,4,5,2,3,3,3,3,3,3,2,1,1,2,3,2,4,4,0
"786",3,4,3,3,2,4,1,5,4,3,2,3,1,3,5,1,3,3,5,1
"787",1,4,1,5,4,5,3,3,2,2,3,2,1,5,2,4,5,1,1,0
"788",2,2,2,3,5,3,5,5,5,5,3,2,1,5,3,5,2,2,3,0
"789",2,3,5,3,4,5,5,5,4,4,1,2,0,1,3,2,5,5,4,1
"790",1,1,2,2,4,2,4,3,2,3,4,4,2,4,5,1,3,4,3,0
"791",1,1,3,3,2,3,3,2,2,3,3,4,1,5,4,1,3,4,4,0
"792",2,2,1,2,3,2,4,3,3,1,4,3,2,5,4,5,1,4,1,0
"793",3,4,1,2,2,3,2,1,4,1,1,2,2,4,5,3,3,4,2,1
"794",1,1,1,3,2,3,4,5,2,1,2,4,0,1,4,4,2,5,2,0
"795",1,1,1,4,1,4,3,1,1,2,4,3,1,1,4,1,1,5,4,0
"796",1,2,5,5,5,5,5,5,5,5,3,4,1,2,5,3,1,3,5,1
"797",1,1,3,5,5,5,3,5,4,5,1,3,1,5,5,3,2,3,4,1
"798",1,1,3,3,3,3,5,3,3,3,1,2,1,1,3,3,5,3,5,0
"799",1,1,3,3,2,4,3,4,3,4,1,3,2,2,2,3,3,4,4,1
"800",3,4,3,4,4,5,5,4,4,5,5,4,1,3,5,4,4,2,4,1
"801",3,3,2,3,3,5,3,4,2,1,2,4,2,4,5,2,3,4,3,0
"802",1,2,4,4,4,4,4,1,2,2,3,4,1,5,5,2,1,4,4,1
"803",2,2,4,4,5,4,4,2,3,5,2,3,2,4,4,3,2,5,3,1
"804",4,3,4,4,4,4,3,1,4,5,1,4,1,3,5,3,1,5,3,1
"805",1,2,2,4,5,5,4,1,5,3,4,3,2,1,5,2,1,5,2,0
"806",3,1,5,4,4,5,4,5,4,5,1,4,1,1,4,5,3,5,4,1
"807",1,1,4,3,4,4,4,1,1,3,2,4,1,5,5,2,2,4,3,1
"808",4,4,3,5,4,4,2,5,2,3,4,2,2,4,2,3,1,5,3,1
"809",2,3,4,4,5,2,3,3,2,3,2,2,1,1,4,4,3,2,2,0
"810",4,4,1,3,5,4,2,5,2,2,5,3,2,2,3,3,2,2,2,1
"811",1,1,1,2,2,4,4,1,1,4,5,0,1,1,1,1,2,5,4,0
"812",3,3,2,2,5,2,5,4,4,1,3,3,2,1,5,3,1,1,2,0
"813",3,2,3,3,2,2,3,2,2,2,2,3,0,1,2,2,2,2,3,0
"814",4,2,2,3,3,4,4,1,5,5,3,3,2,1,3,5,1,5,5,1
"815",3,2,2,4,3,4,2,4,2,5,3,3,1,1,2,2,2,4,3,1
"816",2,1,4,3,5,4,5,5,3,4,4,3,2,3,5,3,1,3,3,1
"817",1,2,4,4,3,4,2,5,5,2,3,4,2,2,5,3,1,3,4,0
"818",1,1,1,3,2,5,5,5,5,5,5,2,1,4,5,4,4,3,3,0
"819",1,1,2,3,5,4,2,5,5,5,1,2,1,1,5,2,4,4,3,1
"820",3,4,1,3,5,5,5,5,2,4,3,0,1,1,3,3,3,2,5,1
"821",2,2,4,4,4,4,4,5,5,4,3,0,0,2,4,3,4,4,4,1
"822",5,3,5,5,2,5,1,5,4,5,3,3,1,5,4,3,5,4,3,1
"823",1,3,4,4,3,5,4,5,4,3,3,4,2,1,5,3,1,3,4,0
"824",2,2,2,1,5,2,5,3,4,2,3,3,2,1,5,3,2,2,2,0
"825",3,5,1,3,1,3,3,4,2,1,5,2,1,2,5,3,2,4,4,0
"826",1,1,2,3,2,4,3,1,3,1,4,3,2,3,5,3,1,3,4,0
"827",3,4,1,2,1,5,3,3,1,5,5,3,2,5,5,5,1,5,3,0
"828",4,1,2,4,5,2,5,1,2,4,2,4,1,1,5,5,1,5,4,0
"829",5,4,5,5,4,5,1,4,5,5,2,4,2,4,5,5,1,5,2,1
"830",3,2,3,2,2,4,2,3,2,3,3,3,2,4,2,2,4,4,3,1
"831",3,2,4,5,4,2,4,4,5,1,3,3,1,1,2,5,2,4,4,0
"832",3,2,3,4,4,3,4,3,5,4,4,3,1,5,5,3,5,5,2,0
"833",1,1,2,2,4,5,3,5,5,5,4,3,1,4,5,1,2,2,3,1
"834",2,2,3,5,5,5,3,4,4,4,3,4,1,3,3,3,1,3,3,1
"835",3,2,2,3,3,3,2,3,4,5,2,3,1,4,5,4,2,3,3,1
"836",3,2,3,2,3,2,2,4,2,3,2,2,1,3,2,2,2,3,3,0
"837",3,2,2,3,4,2,5,5,5,1,4,3,1,1,3,2,4,3,4,0
"838",3,3,4,4,3,3,4,2,4,2,2,3,2,2,5,4,2,3,3,1
"839",1,2,2,3,4,2,2,3,3,3,3,4,0,4,4,3,3,2,3,1
"840",2,3,1,5,3,1,4,3,1,1,3,2,1,2,3,3,5,5,3,0
"841",1,1,2,4,4,5,2,5,2,2,2,3,1,4,2,3,3,4,4,1
"842",1,2,2,4,5,4,4,1,2,1,2,3,0,2,3,3,5,3,4,0
"843",2,3,3,2,5,3,5,5,4,1,3,0,0,1,2,3,2,3,3,1
"844",5,4,2,2,5,3,3,2,3,3,1,2,2,2,3,4,5,4,4,1
"845",1,1,2,3,2,3,4,4,5,3,2,3,1,1,4,2,3,5,4,0
"846",1,3,3,4,5,5,2,5,5,5,1,0,1,1,5,4,1,5,3,1
"847",1,1,5,3,5,2,3,1,1,1,5,4,2,2,5,3,1,2,4,0
"848",2,3,2,2,2,4,1,3,1,1,3,3,2,1,3,3,1,4,1,0
"849",3,3,3,4,2,3,3,4,3,3,3,4,1,2,3,2,3,2,4,1
"850",2,3,4,2,4,3,4,4,4,3,4,3,2,3,2,3,3,5,5,0
"851",1,1,1,4,4,5,2,2,1,4,2,3,1,1,4,4,3,3,4,0
"852",5,4,1,1,4,5,4,5,5,4,3,2,1,5,4,4,4,4,4,0
"853",2,4,2,3,4,3,4,4,3,4,2,2,1,3,2,2,4,2,4,0
"854",1,3,2,3,2,4,4,4,4,1,3,2,2,1,5,4,3,3,3,0
"855",4,4,1,4,4,2,4,4,4,2,4,4,2,5,2,5,1,5,2,0
"856",3,1,4,4,3,2,2,1,1,3,4,2,1,2,4,3,2,4,4,0
"857",4,4,1,4,3,3,2,2,1,4,3,3,1,2,4,3,1,5,3,1
"858",4,4,3,4,4,4,2,4,2,4,2,4,1,4,5,3,2,3,2,1
"859",4,3,5,3,3,3,2,5,3,1,1,2,2,5,5,4,3,5,4,0
"860",3,3,5,3,3,3,2,1,1,1,4,3,1,1,3,3,2,3,3,0
"861",2,3,3,2,2,3,3,5,3,4,3,0,0,1,3,2,2,4,1,1
"862",1,1,3,4,2,5,4,1,5,5,3,4,1,5,2,1,3,5,3,0
"863",2,5,4,4,3,2,3,2,1,1,4,3,2,5,4,4,2,3,4,0
"864",1,1,3,5,5,1,4,5,2,2,2,3,1,1,4,2,2,3,4,0
"865",1,1,4,4,2,1,3,4,1,2,2,3,1,2,5,1,4,3,5,0
"866",3,3,4,4,2,5,4,4,2,5,3,0,0,1,2,3,4,5,3,1
"867",1,2,2,3,4,4,3,5,1,5,4,3,1,5,5,3,1,3,4,0
"868",2,2,5,4,2,3,4,1,1,1,5,0,1,3,2,2,2,2,2,0
"869",3,4,2,4,4,3,3,4,3,1,3,3,0,2,2,2,5,4,3,0
"870",2,3,3,2,3,3,4,1,2,4,4,2,1,5,4,3,2,3,3,0
"871",4,3,4,4,5,5,2,5,2,3,2,4,1,2,3,2,3,2,4,1
"872",2,1,1,1,1,3,5,3,3,3,3,3,1,1,5,1,2,4,4,0
"873",2,3,3,4,4,2,2,2,3,1,2,4,2,3,4,4,2,3,3,0
"874",1,1,1,1,2,2,5,3,1,1,2,3,1,1,3,3,1,5,3,0
"875",4,4,2,3,3,4,3,3,2,2,2,3,1,3,2,4,3,2,3,0
"876",4,5,1,3,2,5,2,2,4,3,4,0,1,1,4,3,2,3,2,0
"877",2,4,1,5,1,5,5,1,1,1,3,2,1,2,5,3,1,4,5,0
"878",1,2,4,2,1,1,5,4,4,1,2,0,0,1,2,4,4,4,4,0
"879",1,1,4,2,5,5,5,1,3,1,4,3,0,5,5,4,2,4,4,1
"880",1,2,5,4,4,4,3,5,5,1,5,3,2,4,5,3,1,2,3,1
"881",1,4,5,4,3,3,4,2,4,5,1,4,1,2,4,4,3,5,3,0
"882",1,1,4,4,4,5,5,5,3,4,4,0,1,1,5,3,3,2,4,0
"883",5,5,1,4,5,5,3,3,1,5,3,3,1,5,3,4,1,4,3,1
"884",3,2,2,2,3,3,2,3,1,1,3,3,1,3,3,3,3,3,3,0
"885",1,1,4,3,2,3,4,4,5,2,2,3,1,1,3,2,3,5,4,0
"886",3,3,5,4,2,5,5,3,4,4,2,3,1,5,5,3,1,5,3,0
"887",5,5,2,3,3,5,4,3,4,3,3,0,0,5,5,5,1,2,3,1
"888",2,2,5,5,3,5,5,5,5,5,4,2,2,3,5,5,1,3,1,1
"889",3,3,2,3,4,4,5,2,1,3,3,0,0,4,2,3,3,1,4,1
"890",1,4,1,4,3,4,1,4,4,3,4,3,1,4,3,3,3,3,3,0
"891",1,2,2,4,3,4,4,4,3,2,2,2,1,1,5,5,1,4,4,0
"892",5,5,1,4,1,5,5,5,3,1,3,4,2,5,2,5,3,5,3,0
"893",3,3,2,2,4,5,3,1,1,1,4,4,2,1,3,3,1,2,3,1
"894",1,1,4,4,4,5,3,1,1,5,3,0,1,4,5,4,2,2,4,1
"895",1,1,5,5,2,2,5,2,2,2,3,3,1,1,2,1,3,4,4,0
"896",2,4,5,4,5,4,4,3,2,1,3,4,1,3,4,3,4,3,4,0
"897",5,5,2,4,3,4,3,4,1,3,1,0,1,2,3,3,3,5,3,0
"898",1,1,5,4,5,4,5,5,3,4,3,3,1,4,3,3,5,2,3,1
"899",1,1,3,4,1,1,1,1,1,3,5,0,0,3,1,2,5,1,4,0
"900",1,1,5,5,5,4,1,3,4,5,1,4,1,5,5,5,3,5,1,1
"901",5,5,4,4,3,4,4,5,5,3,4,3,1,2,2,3,1,5,3,1
"902",2,4,5,5,5,5,2,5,3,2,5,3,1,1,1,1,1,5,3,0
"903",1,1,5,1,3,1,1,5,5,1,1,3,1,5,5,5,1,5,1,0
"904",5,5,4,4,5,5,5,4,2,4,3,0,1,1,3,3,3,3,4,1
"905",4,3,3,4,5,5,4,2,3,2,3,2,2,3,5,5,1,3,2,1
"906",2,1,5,4,5,4,1,1,1,5,4,4,2,1,1,2,4,4,3,1
"907",4,4,2,2,2,4,3,4,4,4,4,3,1,5,5,1,2,2,4,1
"908",2,4,3,4,4,4,3,3,2,3,3,3,1,5,3,1,5,2,4,0
"909",5,5,5,3,2,1,5,1,2,1,5,4,1,1,2,2,3,3,3,0
"910",5,5,3,4,3,4,4,5,1,2,3,4,2,3,5,3,4,4,1,0
"911",5,5,3,4,2,3,5,4,3,1,3,4,2,2,5,3,3,4,2,0
"912",2,2,1,3,3,4,4,4,3,4,3,3,1,1,2,2,4,2,4,0
"913",3,2,4,5,4,2,3,3,3,3,3,4,2,1,3,4,3,4,2,1
"914",5,3,2,3,2,4,4,1,2,1,3,3,1,2,3,4,2,2,4,0
"915",1,1,2,3,5,5,2,3,2,4,2,0,1,5,3,3,3,3,3,1
"916",1,1,5,5,3,3,4,1,2,1,3,3,1,1,2,3,1,1,2,0
"917",3,2,1,1,2,3,3,1,4,4,3,3,2,5,2,4,2,3,4,1
"918",1,1,4,2,1,2,4,4,3,1,2,3,1,3,3,2,2,5,3,0
"919",4,3,5,2,1,2,2,1,3,2,2,4,2,2,3,4,2,5,1,0
"920",3,3,3,4,2,2,4,3,2,1,4,2,1,1,3,3,1,4,1,0
"921",2,4,1,1,2,1,5,4,2,1,1,3,1,1,5,3,2,4,3,0
"922",3,2,5,4,3,2,4,3,1,1,3,4,2,1,4,3,1,4,2,1
"923",2,4,3,5,5,3,5,5,5,2,1,3,2,1,5,3,1,3,3,1
"924",5,1,1,1,3,3,5,5,3,3,1,2,2,3,5,5,5,5,3,0
"925",4,1,2,4,4,4,3,2,4,4,2,2,1,4,5,5,3,4,2,1
"926",5,4,4,5,4,5,3,1,1,2,3,3,1,4,4,3,1,4,1,1
"927",4,3,4,4,3,4,1,1,1,2,4,0,0,1,1,4,1,5,3,1
"928",1,1,1,1,2,2,2,3,3,1,3,2,1,3,3,1,4,5,3,0
"929",3,4,3,3,3,3,4,2,3,2,3,4,2,4,5,3,2,3,4,0
"930",4,3,4,5,3,4,2,3,2,4,2,3,0,2,3,3,4,4,4,0
"931",3,1,2,4,2,4,3,2,1,1,3,2,1,2,3,1,4,3,4,1
"932",5,4,4,5,4,5,5,5,3,1,2,3,1,1,2,3,4,4,3,1
"933",1,1,5,5,5,2,4,5,4,1,2,0,0,3,5,4,3,3,2,0
"934",2,4,4,3,1,3,2,4,2,2,2,2,0,1,5,1,4,4,2,0
"935",5,3,5,4,2,3,1,1,3,2,4,4,1,5,5,3,2,3,2,1
"936",2,3,4,4,3,4,4,3,2,1,2,2,1,2,5,3,3,4,4,0
"937",4,3,4,4,4,3,3,2,4,2,3,2,1,4,4,2,2,3,2,1
"938",3,2,2,3,2,4,2,4,4,1,4,4,2,2,5,3,2,2,4,0
"939",1,4,2,5,5,5,5,5,1,5,5,0,1,3,1,3,3,4,4,1
"940",1,2,5,5,1,3,1,2,1,1,5,3,1,5,5,3,1,1,4,0
"941",1,1,3,4,2,4,5,4,1,1,5,3,1,1,5,2,1,5,3,0
"942",1,2,2,3,1,4,4,4,2,3,2,3,1,2,2,3,5,2,3,1
